{
  "timestamp": "20251031_124021",
  "params": {
    "eta": 0.1,
    "lambda": 15.0,
    "tau": 0.18
  },
  "metrics": {
    "expected_return_daily": 0.0004840110733366153,
    "variance_daily": 8.923081357514183e-06,
    "turnover": 0.27897415207998855,
    "cardinality": 29,
    "ann_return": 0.12968776727311648,
    "ann_vol": 0.047419579311646934,
    "ann_sharpe": 2.572160956536982
  },
  "selected_assets": [
    "VGK",
    "EWG",
    "EZA",
    "XLP",
    "XLE",
    "XLF",
    "XLK",
    "XLB",
    "SIZE",
    "SCHD",
    "VNQ",
    "PSA",
    "SHY",
    "IEI",
    "IEF",
    "TIP",
    "VGSH",
    "VGIT",
    "AGG",
    "MUB",
    "LQD",
    "HYG",
    "VCSH",
    "EMB",
    "EMLC",
    "BNDX",
    "SLV",
    "PPLT",
    "IBIT"
  ]
}