strategy,total_return,annualized_return,volatility,sharpe,cvar_95,max_drawdown,avg_turnover,total_cost,sharpe_ci_low,sharpe_ci_high
min_variance_lw,0.07017630525511742,0.016748523629217305,0.024541551962974573,0.6890847023794305,-0.0035986352614096506,-0.034397589969414444,0.08623200307634732,0.012676104452223056,-0.3129549614902841,1.9247452380008565
shrunk_mv,0.3872739538982706,0.0834658833192603,0.12904423208417495,0.6858825889266685,-0.01936202343050731,-0.21723491372144144,0.5801644473845639,0.08528417376553088,-0.33207225894784254,1.6544270446844456
equal_weight,0.33846390532611736,0.07400354194839798,0.11348545845985808,0.6858615772990233,-0.016401495308443318,-0.17882019134882,0.020408163265306128,0.003000000000000001,-0.20241768761815862,1.662982232815507
risk_parity,0.2974426654277478,0.06584748148823105,0.10719611338839642,0.6485000743778547,-0.015521118618690202,-0.16850497793632468,0.028270233183012496,0.004155724277902837,-0.24714621897540845,1.6485272908936355
sixty_forty,0.17593583265973933,0.040487353358868106,0.09795051020617376,0.45409859133115976,-0.014323750601342842,-0.20770510571690926,0.02040816326530612,0.003,-0.44467188790125733,1.5330335053065443
hrp,0.010783976884342072,0.0026302885406532805,0.05853595042364027,0.07410589106987135,-0.008536196636139966,-0.15090215748237146,0.6028406507860358,0.08861757566554725,-0.8366060360976102,1.2461595538593875
