strategy,total_return,annualized_return,volatility,sharpe,cvar_95,max_drawdown,avg_turnover,total_cost,sharpe_ci_low,sharpe_ci_high
min_variance_lw,0.07017546992971035,0.016748329272657125,0.024541511974348985,0.6890779956624193,-0.003598636026362711,-0.03439815534813628,0.08623136106896369,0.012676010077137666,-0.3129651446311013,1.9247397332267955
shrunk_mv,0.38727395553555,0.08346588363241647,0.12904426701586133,0.685882441294693,-0.019362032443999366,-0.21723485590221903,0.5801656944157353,0.0852843570791131,-0.3320720169230688,1.6544295810387495
equal_weight,0.3384636897859088,0.07400349959263197,0.11348544330413095,0.6858613060576327,-0.01640149358853477,-0.178820192506156,0.020408163265306128,0.003000000000000001,-0.20241819601273822,1.662981746321801
risk_parity,0.2974424445936459,0.06584743706008189,0.10719609717998224,0.6484997672055701,-0.015521116963808443,-0.16850498104490552,0.028270235485715434,0.004155724616400168,-0.24714607685386397,1.6485278081520738
sixty_forty,0.17593495014112648,0.04048716212608561,0.09795047287801428,0.4540968500435317,-0.014323746099032385,-0.2077053504713542,0.02040816326530612,0.003,-0.444665897046953,1.533030299440345
hrp,0.010797705867517271,0.00263362360166286,0.05854308231134453,0.07416082076348642,-0.008538390639123466,-0.15091576443737287,0.6027318562275189,0.08860158286544527,-0.8371767284269501,1.2431841561202341
