{
  "equal_weight": {
    "30.0": {
      "sharpe": 0.3333585464202703,
      "annualized_return": 0.0288904939511638,
      "max_drawdown": -0.1375291920087055
    },
    "50.0": {
      "sharpe": 0.3249769799336445,
      "annualized_return": 0.0280345710766336,
      "max_drawdown": -0.1375291920087052
    },
    "75.0": {
      "sharpe": 0.3144389448417881,
      "annualized_return": 0.026963245743212,
      "max_drawdown": -0.1375291920087051
    }
  },
  "hrp": {
    "30.0": {
      "sharpe": 0.3333585464202703,
      "annualized_return": 0.0288904939511638,
      "max_drawdown": -0.1375291920087055
    },
    "50.0": {
      "sharpe": 0.3249769799336445,
      "annualized_return": 0.0280345710766336,
      "max_drawdown": -0.1375291920087052
    },
    "75.0": {
      "sharpe": 0.3144389448417881,
      "annualized_return": 0.026963245743212,
      "max_drawdown": -0.1375291920087051
    }
  },
  "min_variance_lw": {
    "30.0": {
      "sharpe": 0.3333585464202703,
      "annualized_return": 0.0288904939511638,
      "max_drawdown": -0.1375291920087055
    },
    "50.0": {
      "sharpe": 0.3249769799336445,
      "annualized_return": 0.0280345710766336,
      "max_drawdown": -0.1375291920087052
    },
    "75.0": {
      "sharpe": 0.3144389448417881,
      "annualized_return": 0.026963245743212,
      "max_drawdown": -0.1375291920087051
    }
  },
  "risk_parity": {
    "30.0": {
      "sharpe": 0.0,
      "annualized_return": 0.0,
      "max_drawdown": 0.0
    },
    "50.0": {
      "sharpe": 0.0,
      "annualized_return": 0.0,
      "max_drawdown": 0.0
    },
    "75.0": {
      "sharpe": 0.0,
      "annualized_return": 0.0,
      "max_drawdown": 0.0
    }
  },
  "shrunk_mv_cap": {
    "30.0": {
      "sharpe": 0.3333585464202703,
      "annualized_return": 0.0288904939511638,
      "max_drawdown": -0.1375291920087055
    },
    "50.0": {
      "sharpe": 0.3249769799336445,
      "annualized_return": 0.0280345710766336,
      "max_drawdown": -0.1375291920087052
    },
    "75.0": {
      "sharpe": 0.3144389448417881,
      "annualized_return": 0.026963245743212,
      "max_drawdown": -0.1375291920087051
    }
  },
  "sixty_forty": {
    "30.0": {
      "sharpe": 0.2660128906218745,
      "annualized_return": 0.0215844958484106,
      "max_drawdown": -0.1437475385747555
    },
    "50.0": {
      "sharpe": 0.2503546431615114,
      "annualized_return": 0.0200177555452065,
      "max_drawdown": -0.1444512790185157
    },
    "75.0": {
      "sharpe": 0.2307412737765838,
      "annualized_return": 0.018060108027929,
      "max_drawdown": -0.1453304225491524
    }
  }
}