strategy,total_return,annualized_return,volatility,sharpe,cvar_95,max_drawdown,avg_turnover,total_cost,sharpe_ci_low,sharpe_ci_high
equal_weight,0.05807548032453402,0.9687918494655876,0.09424147221887152,7.242579883421529,-0.007871445173101416,-0.008219782974467682,1.0,0.003,,
risk_parity,0.0400982575486184,0.6028483178578958,0.07209679957425677,6.5841390061183365,-0.005930559845673521,-0.006256748793399547,0.9999999999999998,0.002999999999999999,,
sixty_forty,0.018506468989497593,0.2461361671465916,0.05668096339744801,3.9108845463612387,-0.005516566181870837,-0.007616772985049924,1.0,0.003,,
hrp,0.009822087204699237,0.12444543634846528,0.03294693696385525,3.576491788675762,-0.003988537133617808,-0.0035695119820282617,1.0000000000000002,0.003000000000000001,,
shrunk_mv,-0.01008693586137488,-0.11454872132237459,0.06117336221694467,-1.9590184418768974,-0.008867796590069983,-0.017666282214695128,1.0,0.003,,
regime_mv,-0.01008693586137488,-0.11454872132237459,0.06117336221694467,-1.9590184418768974,-0.008867796590069983,-0.017666282214695128,1.0,0.003,,
min_variance_lw,-0.004387797295934637,-0.051401287845111665,0.0233460788259104,-2.248940327963277,-0.0037601963825136062,-0.004836238975498008,1.0,0.003,,
