strategy,total_return,annualized_return,volatility,sharpe,cvar_95,max_drawdown,avg_turnover,total_cost,sharpe_ci_low,sharpe_ci_high
hrp,0.02957248796880152,0.19108175871682143,0.08293000034987309,2.149739658689567,-0.008680942802230631,-0.012714726628707651,0.7859394285446933,0.00471563657126816,,
risk_parity,0.02899462653246565,0.1870763185172748,0.13497913305057535,1.3367461399264018,-0.014705944985058032,-0.021886669238472378,0.5047271730690557,0.0030283630384143343,,
sixty_forty,0.02481708166884622,0.15845224025720794,0.12947185115161966,1.1994881045392956,-0.014018880571983134,-0.028814819455607155,0.5,0.003,,
equal_weight,0.026825976046751077,0.1721443000926992,0.14381655333437532,1.1748592637364803,-0.015484168685275324,-0.023814409827009886,0.5,0.003,,
min_variance_lw,0.0006102990620102666,0.003667385894619457,0.030640364730794206,0.1344287841434127,-0.0037208190006915187,-0.00703125387483905,0.5124255690284801,0.003074553414170881,,
regime_mv,-0.016182500396517363,-0.09325063587071125,0.08096255337264638,-1.1693378977926159,-0.009929857620978562,-0.030600690187687518,0.7435155444768681,0.004461093266861209,,
shrunk_mv,-0.016182500396562105,-0.09325063587095872,0.08096255337256328,-1.169337897797217,-0.009929857620970407,-0.030600690187696178,0.7435155444777148,0.004461093266866289,,
